variable,mean,median,sd,mad,q5,q95,rhat,ess_bulk,ess_tail
alpha,-0.445953181745,-0.44633815,0.0768926518263039,0.07593464295899997,-0.571038414,-0.31918226600000005,1.0038708016808153,1717.9502345514625,2081.7201427884183
beta[1],0,0,0,0,0,0,NA,NA,NA
beta[2],-0.4149129261275,-0.415436465,0.08859978549951307,0.090198959949,-0.5578601665,-0.2670527595,1.0013540166934352,2752.2559253602117,2921.696479412228
beta[3],-0.546009139075,-0.54509315,0.0997205072195058,0.09968433081599994,-0.70970687,-0.38202838650000004,1.0011698097759552,2750.990842759884,2590.5528622257834
sigma_b,0.48602025177017505,0.337637215,0.41141590852413285,0.23906131067699993,0.10743822250000001,1.3463364899999992,1.0004812327980797,1663.773043138695,1335.685538655052
phi,0.6132703323586954,0.7350450399999999,0.3442485164798385,0.34557665427600015,0.017894585150000003,0.9885308715000001,0.9999014074225022,2541.0167000114348,2348.2612946475665
p_total[1],0.39047738156,0.39023176,0.018271825648208107,0.01801840103699997,0.36099724600000005,0.420875052,1.0038707914352394,1717.9533418967076,2081.7201427884183
p_total[2],0.2973926799975,0.29701866,0.015568456091110365,0.015156004520999968,0.27249946950000004,0.32376351999999997,1.001121576769005,3605.5327310909765,3201.637788911328
p_total[3],0.2708688522325,0.270474785,0.017236277301838382,0.016868325977999993,0.2428021505,0.29983767699999997,1.002118300268186,3040.161367288227,2901.033175506424
