
{
  "stepsize" : 0.0003090936,
  "metric_type" : "diag_e",
  "inv_metric" : [ 0.0077001104, 0.0040945693, 1.7423879, 0.53253364, 7.0533907, 0.53861017, 1.7014084, 1.0893836, 1.2152237, 0.77211663, 0.34741964, 1.8607774, 1.6699514, 0.79933309, 0.5348675, 1.0994237, 0.61536514, 0.99842104, 0.69648359, 0.4646532, 0.51548961, 0.47981227, 0.66028957, 6.1134455, 6.5447174, 6.2815176, 5.9784075, 6.2084339, 5.9563797, 6.3506041, 6.1198223, 6.6381141, 5.9896887, 1683.5811, 6.2325705, 6.2569147, 6.7599545, 6.1843558, 6.0463559, 6.3838762, 6.0432321 ]
}
