
{
  "stepsize" : 0.00023580804,
  "metric_type" : "diag_e",
  "inv_metric" : [ 0.0064931186, 0.0047937088, 0.1120897, 0.56627593, 6.9983189, 0.28835882, 0.30514287, 0.23658445, 0.27114822, 0.27858868, 0.16503668, 0.27138612, 0.2565808, 0.33778705, 0.30514572, 0.79300463, 0.2538982, 0.29580553, 0.30296269, 0.22290102, 0.27376092, 0.37513221, 0.30248147, 15.921065, 15.830009, 15.651583, 15.264059, 14.959252, 15.645636, 15.780269, 15.402168, 16.061544, 15.139088, 4361.4094, 15.357461, 15.117427, 15.408191, 15.575372, 15.1051, 15.718574, 15.270372 ]
}
