
{
  "stepsize" : 0.00016229023,
  "metric_type" : "diag_e",
  "inv_metric" : [ 0.0057311079, 0.0037045101, 0.08207738, 0.41907238, 7.7868024, 0.31225682, 0.32330507, 0.22412998, 0.23746695, 0.28424319, 0.27557003, 0.34395134, 0.22977942, 0.34769961, 0.42426651, 0.58651815, 0.32630084, 0.32523459, 0.29648171, 0.21122439, 0.30032689, 0.31239193, 0.3066561, 22.348597, 22.074345, 21.903392, 21.865151, 22.483444, 22.257568, 22.167034, 21.90826, 22.149556, 21.736582, 6265.5803, 21.887227, 22.482993, 22.247473, 21.862312, 21.807587, 22.212871, 21.843788 ]
}
