
{
  "stepsize" : 0.00025836175,
  "metric_type" : "diag_e",
  "inv_metric" : [ 0.0072669472, 0.0037650959, 0.45009899, 0.45135458, 3.8022731, 0.28627476, 0.48666585, 0.67599654, 0.28563439, 0.61029498, 0.23377181, 0.32729104, 0.43615873, 0.4378122, 0.47594019, 0.93537043, 0.48512989, 0.52637392, 0.38520851, 0.51412189, 0.71689513, 0.50679729, 0.34034672, 9.5056213, 9.2734719, 9.4996464, 9.1427645, 9.6152017, 9.3184463, 9.4317501, 9.1549879, 9.9174415, 9.2665332, 2611.5987, 9.3994112, 9.467006, 9.8689171, 9.4788826, 9.4059214, 9.2008584, 9.4755522 ]
}
