
{
  "stepsize" : 0.00012656476,
  "metric_type" : "diag_e",
  "inv_metric" : [ 0.0077216307, 0.0032147936, 0.94679348, 0.5936757, 7.6588588, 0.55253352, 1.3562608, 0.87566062, 0.97508808, 0.72248381, 0.40130715, 1.402577, 1.0165223, 0.80395881, 0.58902103, 0.97266801, 0.66149306, 0.87440831, 0.69941122, 0.54406142, 0.63373977, 0.67301839, 0.49365814, 35.579215, 36.322485, 35.842957, 36.253651, 36.523237, 35.551097, 36.355774, 36.060514, 36.259664, 36.235909, 10361.531, 36.515247, 36.824106, 37.604668, 35.881969, 36.262889, 36.292433, 36.122292 ]
}
