
{
  "stepsize" : 0.00032839958,
  "metric_type" : "diag_e",
  "inv_metric" : [ 0.0070842955, 0.0054296216, 0.1621942, 0.38038716, 6.6123192, 0.2928148, 0.29635434, 0.20228052, 0.32698799, 0.23758139, 0.19244643, 0.32317359, 0.22631258, 0.36685011, 0.41609265, 0.51333626, 0.26486444, 0.42385955, 0.30837703, 0.2609875, 0.26092125, 0.31296693, 0.30013573, 5.961254, 5.7526659, 5.7657545, 5.7100521, 6.2423358, 5.8411946, 5.7331754, 5.4521167, 6.1551552, 5.9323538, 1580.3076, 5.8380084, 6.0584217, 6.3343944, 5.5282808, 5.8009325, 5.8282403, 5.7123947 ]
}
