
{
  "stepsize" : 0.00029247186,
  "metric_type" : "diag_e",
  "inv_metric" : [ 0.0056817305, 0.0021888157, 0.3219779, 0.29848125, 9.46943, 0.50591701, 0.62214802, 0.76609493, 0.79609881, 0.5358245, 0.43389497, 0.50812506, 0.58840814, 0.58699032, 0.7244698, 0.58562829, 0.80259967, 0.62298574, 0.7120377, 0.46971188, 0.58833073, 0.42712667, 0.46302915, 10.37234, 10.406952, 10.154892, 9.9751138, 10.748637, 10.257818, 10.240187, 10.119967, 10.305559, 10.511799, 2877.3036, 10.171213, 10.717261, 11.019588, 10.177737, 10.45724, 10.497229, 10.127133 ]
}
