
{
  "stepsize" : 0.00012615059,
  "metric_type" : "diag_e",
  "inv_metric" : [ 0.0059229702, 0.0036001307, 0.16401183, 0.35626151, 6.0350687, 0.31537563, 0.34061972, 0.25760655, 0.33289409, 0.28048522, 0.22820124, 0.35993212, 0.2308131, 0.34570943, 0.31326815, 0.59438603, 0.22743002, 0.35672434, 0.31842034, 0.26090375, 0.30459987, 0.26452929, 0.33069206, 56.749316, 56.458729, 56.25353, 57.084271, 57.518157, 56.610807, 56.349335, 56.62944, 56.511857, 57.08561, 16302.921, 57.019219, 57.222142, 57.621931, 56.210753, 56.520132, 56.914311, 56.69034 ]
}
