variable,mean,median,sd,mad,q5,q95,rhat,ess_bulk,ess_tail
lp__,-101.04102943225,-100.73602500000001,7.097760269667828,7.001641510499994,-113.309072,-89.92865145000002,1.0106785312033024,1003.0303600256844,1853.491761392783
beta[1],0,0,0,0,0,0,NA,NA,NA
